ptm_ID	ptm_position	ptm_type
P31946	6	ps
P31946	39	ps
P31946	47	ps
P31946	59	ps
P31946	60	ps
P31946	66	ps
P31946	116	ps
P31946	132	ps
P31946	136	ps
P31946	186	p
P31946	212	ps
P31946	216	ps
P31946	232	ps
P62258	46	ps
P62258	59	ps
P62258	64	ps
P62258	65	ps
P62258	117	ps
P62258	148	ps
P62258	210	ps
P62258	213	ps
P62258	217	ps
P62258	233	ps
Q04917	25	ps
Q04917	38	ps
Q04917	46	ps
Q04917	59	ps
Q04917	65	ps
Q04917	119	ps
Q04917	139	ps
Q04917	145	ps
Q04917	219	ps
P61981	38	ps
P61981	46	ps
P61981	59	ps
P61981	65	ps
P61981	71	ps
P61981	119	ps
P61981	155	ps
P61981	180	ps
P61981	215	ps
P61981	219	ps
P61981	235	ps
P31947	5	ps
P31947	45	ps
P31947	63	ps
P31947	64	ps
P31947	69	ps
P31947	74	ps
P31947	116	ps
P31947	146	ps
P31947	149	ps
P31947	186	ps
P31947	209	ps
P31947	216	ps
P31947	248	ps
P27348	37	ps
P27348	45	ps
P27348	57	ps
P27348	64	ps
P27348	88	ps
P27348	92	ps
P27348	114	ps
P27348	145	ps
P27348	156	ps
P27348	210	ps
P27348	214	ps
P27348	230	ps
P27348	232	ps
P63104	28	ps
P63104	37	ps
P63104	45	ps
P63104	57	ps
P63104	58	ps
P63104	63	ps
P63104	64	ps
P63104	99	ps
P63104	110	ps
P63104	114	ps
P63104	145	ps
P63104	184	ps
P63104	207	ps
P63104	210	ps
P63104	214	ps
P63104	230	ps
Q6ZMX3	497	ps
Q6ZMX3	510	ps
Q13541	2	ps
Q13541	5	ps
Q13541	8	ps
Q13541	12	ps
Q13541	35	ps
Q13541	44	ps
Q13541	65	ps
Q13541	83	ps
Q13541	85	ps
Q13541	86	ps
Q13541	94	ps
Q13541	101	ps
Q13541	112	ps
Q13542	4	ps
Q13542	25	ps
Q13542	44	ps
Q13542	65	ps
Q13542	83	ps
O60516	51	ps
Q9NRA8	5	ps
Q9NRA8	24	ps
Q9NRA8	74	ps
Q9NRA8	77	ps
Q9NRA8	78	ps
Q9NRA8	82	ps
Q9NRA8	115	ps
Q9NRA8	120	ps
Q9NRA8	136	ps
Q9NRA8	138	ps
Q9NRA8	173	ps
Q9NRA8	213	ps
Q9NRA8	223	ps
Q9NRA8	259	ps
Q9NRA8	301	ps
Q9NRA8	321	ps
Q9NRA8	331	ps
Q9NRA8	342	ps
Q9NRA8	345	ps
Q9NRA8	351	ps
Q9NRA8	352	ps
Q9NRA8	353	ps
Q9NRA8	356	ps
Q9NRA8	374	ps
Q9NRA8	379	ps
Q9NRA8	417	ps
Q9NRA8	454	ps
Q9NRA8	467	ps
Q9NRA8	494	ps
Q9NRA8	499	ps
Q9NRA8	509	ps
Q9NRA8	513	ps
Q9NRA8	541	ps
Q9NRA8	564	ps
Q9NRA8	568	ps
Q9NRA8	577	ps
Q9NRA8	587	ps
Q9NRA8	611	ps
Q9NRA8	618	ps
Q9NRA8	670	ps
Q9NRA8	680	ps
Q9NRA8	681	ps
Q9NRA8	693	ps
Q9NRA8	746	ps
Q9NRA8	751	ps
Q9NRA8	752	ps
Q9NRA8	765	ps
Q9NRA8	766	ps
Q9NRA8	768	ps
Q9NRA8	772	ps
Q9NRA8	912	ps
Q9NRA8	914	ps
Q9NRA8	920	ps
Q9NRA8	946	ps
Q9NRA8	951	ps
Q9NRA8	977	ps
Q9NRA8-2	436	ps
P08908	199	ps
P28221	147	ps
P28221	193	ps
P30939	27	ps
P30939	233	ps
P28223	280	ps
P28223	287	ps
P28223	288	ps
P28223	290	ps
P28223	291	ps
P28223	298	ps
P28223	305	ps
P41595	412	ps
P46098	423	ps
P46098	424	ps
Q8WXA8	404	ps
Q70Z44	138	ps
A5X5Y0	228	ps
Q13639	354	ps
P47898	347	ps
P47898	354	ps
P50406	347	ps
P34969	285	ps
P09917	183	ps
P09917	266	ps
P09917	272	ps
P09917	448	ps
P09917	524	ps
P09917	532	ps
P09917	664	ps
P09917	671	ps
Q12888	6	ps
Q12888	25	ps
Q12888	29	ps
Q12888	63	ps
Q12888	78	ps
Q12888	103	ps
Q12888	105	ps
Q12888	119	ps
Q12888	124	ps
Q12888	127	ps
Q12888	166	ps
Q12888	176	ps
Q12888	178	ps
Q12888	202	ps
Q12888	208	ps
Q12888	222	ps
Q12888	232	ps
Q12888	259	ps
Q12888	265	ps
Q12888	280	ps
Q12888	287	ps
Q12888	294	ps
Q12888	301	ps
Q12888	310	ps
Q12888	315	ps
Q12888	316	ps
Q12888	320	ps
Q12888	323	ps
Q12888	349	ps
Q12888	359	ps
Q12888	360	ps
Q12888	366	ps
Q12888	379	ps
Q12888	380	ps
Q12888	395	ps
Q12888	398	ps
Q12888	452	ps
Q12888	482	ps
Q12888	483	ps
Q12888	484	ps
Q12888	500	ps
Q12888	507	ps
Q12888	512	ps
Q12888	518	ps
Q12888	520	ps
Q12888	523	ps
Q12888	525	ps
Q12888	530	ps
Q12888	532	ps
Q12888	533	ps
Q12888	552	ps
Q12888	557	ps
Q12888	566	ps
Q12888	580	ps
Q12888	598	ps
Q12888	625	ps
Q12888	630	ps
Q12888	635	ps
Q12888	639	ps
Q12888	640	ps
Q12888	659	ps
Q12888	660	ps
Q12888	662	ps
Q12888	674	ps
Q12888	686	ps
Q12888	692	ps
Q12888	698	ps
Q12888	724	ps
Q12888	727	ps
Q12888	751	ps
Q12888	754	ps
Q12888	755	ps
Q12888	765	ps
Q12888	771	ps
Q12888	782	ps
Q12888	784	ps
Q12888	786	ps
Q12888	809	ps
Q12888	830	ps
Q12888	831	ps
Q12888	834	ps
Q12888	860	ps
Q12888	862	ps
Q12888	867	ps
Q12888	876	ps
Q12888	877	ps
Q12888	892	ps
Q12888	894	ps
Q12888	898	ps
Q12888	899	ps
Q12888	900	ps
Q12888	970	ps
Q12888	975	ps
Q12888	993	ps
Q12888	999	ps
Q12888	1002	ps
Q12888	1025	ps
Q12888	1028	ps
Q12888	1034	ps
Q12888	1037	ps
Q12888	1050	ps
Q12888	1067	ps
Q12888	1068	ps
Q12888	1086	ps
Q12888	1094	ps
Q12888	1101	ps
Q12888	1104	ps
Q12888	1113	ps
Q12888	1114	ps
Q12888	1148	ps
Q12888	1160	ps
Q12888	1202	ps
Q12888	1208	ps
Q12888	1216	ps
Q12888	1219	ps
Q12888	1288	ps
Q12888	1290	ps
Q12888	1316	ps
Q12888	1317	ps
Q12888	1320	ps
Q12888	1327	ps
Q12888	1329	ps
Q12888	1330	ps
Q12888	1342	ps
Q12888	1354	ps
Q12888	1362	ps
Q12888	1368	ps
Q12888	1426	ps
Q12888	1430	ps
Q12888	1435	ps
Q12888	1437	ps
Q12888	1460	ps
Q12888	1462	ps
Q12888	1474	ps
Q12888	1480	ps
Q12888	1481	ps
Q12888	1485	ps
Q12888	1496	ps
Q12888	1548	ps
Q12888	1554	ps
Q12888	1618	ps
Q12888	1631	ps
Q12888	1634	ps
Q12888	1635	ps
Q12888	1642	ps
Q12888	1643	ps
Q12888	1644	ps
Q12888	1645	ps
Q12888	1646	ps
Q12888	1656	ps
Q12888	1660	ps
Q12888	1665	ps
Q12888	1673	ps
Q12888	1678	ps
Q12888	1686	ps
Q12888	1701	ps
Q12888	1705	ps
Q12888	1713	ps
Q12888	1749	ps
Q12888	1758	ps
Q12888	1759	ps
Q12888	1778	ps
Q12888	1929	ps
Q12888	1971	ps
Q13625	71	ps
Q13625	92	ps
Q13625	100	ps
Q13625	121	ps
Q13625	206	ps
Q13625	296	ps
Q13625	353	ps
Q13625	361	ps
Q13625	414	ps
Q13625	458	ps
Q13625	471	ps
Q13625	480	ps
Q13625	481	ps
Q13625	556	ps
Q13625	558	ps
Q13625	569	ps
Q13625	572	ps
Q13625	576	ps
Q13625	607	ps
Q13625	611	ps
Q13625	665	ps
Q13625	667	ps
Q13625	673	ps
Q13625	698	ps
Q13625	714	ps
Q13625	736	ps
Q13625	737	ps
Q13625	783	ps
Q13625	827	ps
P05408	11	ps
P05408	205	ps
Q7Z417	107	ps
Q7Z417	112	ps
Q7Z417	113	ps
Q7Z417	159	ps
Q7Z417	181	ps
Q7Z417	212	ps
Q7Z417	214	ps
Q7Z417	216	ps
Q7Z417	230	ps
Q7Z417	250	ps
Q7Z417	266	ps
Q7Z417	290	ps
Q7Z417	303	ps
Q7Z417	304	ps
Q7Z417	311	ps
Q7Z417	312	ps
Q7Z417	333	ps
Q7Z417	374	ps
Q7Z417	376	ps
Q7Z417	379	ps
Q7Z417	382	ps
Q7Z417	386	ps
Q7Z417	404	ps
Q7Z417	510	ps
Q7Z417	572	ps
Q7Z417	578	ps
Q7Z417	586	ps
Q7Z417	592	ps
Q7Z417	608	ps
Q7Z417	616	ps
Q7Z417	629	ps
Q7Z417	637	ps
Q7Z417	652	ps
Q7Z417	655	ps
Q7Z417	692	ps
P43652	317	ps
P10243	7	ps
P10243	434	ps
P10243	458	ps
P10243	626	ps
P10243	683	ps
P10243	745	ps
P01023	710	ps
P01023	1387	ps
A8K2U0	106	ps
A8K2U0	406	ps
Q9NPC4	2	ps
Q9NPC4	85	ps
Q9NPC4	321	ps
Q12792	2	ps
Q12792	142	ps
Q12792	143	ps
Q12792	322	ps
Q6IBS0	167	ps
Q6IBS0	349	ps
Q16613	205	ps
Q16613-2	5	ps
Q9NRG9	33	ps
Q9NRG9	261	ps
Q9NRG9	263	ps
Q9NRG9	337	ps
Q9NRG9	341	ps
Q9NRG9	495	ps
Q9NRG9	511	ps
Q9NRG9	522	ps
Q9NRG9	525	ps
Q9NRG9	541	ps
Q86V21	97	ps
Q86V21	243	ps
Q86V21	244	ps
Q86V21	412	ps
Q86V21	618	ps
P22760	5	ps
P22760	186	ps
Q6PIU2	144	ps
Q6PIU2	295	ps
Q5VUY0	341	ps
Q8N5Z0	32	ps
Q8N5Z0	35	ps
Q8N5Z0	176	ps
Q7RTV5	12	ps
Q7RTV5	143	ps
Q7RTV5	154	ps
Q6PD74	118	ps
Q6PD74	172	ps
Q6PD74	215	ps
Q6PD74	310	ps
Q6PD74	311	ps
Q2M2I8	7	ps
Q2M2I8	14	ps
Q2M2I8	18	ps
Q2M2I8	20	ps
Q2M2I8	21	ps
Q2M2I8	26	ps
Q2M2I8	235	ps
Q2M2I8	327	ps
Q2M2I8	618	ps
Q2M2I8	623	ps
Q2M2I8	624	ps
Q2M2I8	637	ps
Q2M2I8	642	ps
Q2M2I8	650	ps
Q2M2I8	652	ps
Q2M2I8	664	ps
Q2M2I8	668	ps
Q2M2I8	670	ps
Q2M2I8	676	ps
Q2M2I8	678	ps
Q2M2I8	682	ps
Q2M2I8	690	ps
Q2M2I8	731	ps
Q2M2I8	797	ps
Q2M2I8	846	ps
Q2M2I8	951	ps
Q6ZSR9	67	ps
Q6ZSR9	93	ps
Q6ZSR9	120	ps
Q6ZSR9	157	ps
Q6ZSR9	175	ps
Q6ZSR9	258	ps
Q6ZSR9	285	ps
Q6ZSR9	287	ps
Q6ZSR9	294	ps
Q6ZSR9	300	ps
Q6ZSR9	349	ps
Q6ZSR9	351	ps
Q9H7C9	46	ps
Q13685	20	ps
Q13685	248	ps
Q9Y312	101	ps
Q9Y312	159	ps
Q9Y312	284	ps
P49588	3	ps
P49588	8	ps
P49588	399	ps
P49588	484	ps
P49588	555	ps
P49588	627	ps
P49588	882	ps
P49588	886	ps
P49588	937	ps
Q9BTE6-2	83	ps
Q9BTE6-2	144	ps
Q9BTE6-2	204	ps
Q9BTE6-2	287	ps
Q9BTE6-2	355	ps
Q9BTE6-2	474	ps
Q9BTE6-2	522	ps
Q5JTZ9	361	ps
Q5JTZ9	374	ps
Q5JTZ9	402	ps
Q5JTZ9	712	ps
Q5JTZ9	892	ps
Q5JTZ9	894	ps
Q4L235	649	ps
Q4L235	724	ps
Q9NRN7	233	ps
Q9NRN7	258	ps
Q9UDR5	474	ps
Q9UDR5	492	ps
Q9NY61	20	ps
Q9NY61	55	ps
Q9NY61	61	ps
Q9NY61	63	ps
Q9NY61	143	ps
Q9NY61	150	ps
Q9NY61	153	ps
Q9NY61	155	ps
Q9NY61	189	ps
Q9NY61	203	ps
Q9NY61	213	ps
Q9NY61	218	ps
Q9NY61	273	ps
Q9NY61	288	ps
Q9NY61	316	ps
Q9NY61	320	ps
Q9NY61	321	ps
Q9NY61	391	ps
Q9NY61	477	ps
Q9NY61	510	ps
Q6AI08	9	ps
Q6AI08	336	ps
Q6AI08	337	ps
Q6AI08	395	ps
Q6AI08	396	ps
Q6AI08	397	ps
Q6AI08	399	ps
Q6AI08	402	ps
Q6AI08	410	ps
Q6AI08	635	ps
Q6AI08	640	ps
Q6AI08	642	ps
Q6AI08	643	ps
Q6AI08	659	ps
Q6AI08	676	ps
Q6AI08	680	ps
Q6AI08	685	ps
Q6AI08	913	ps
Q6AI08	962	ps
Q6AI08	1124	ps
O95477	116	ps
O95477	231	ps
O95477	884	ps
O95477	1031	ps
O95477	1042	ps
O95477	1145	ps
O95477	1255	ps
O95477	1262	ps
O95477	1296	ps
O95477	1536	ps
O95477	1540	ps
O95477	1548	ps
O95477	2054	ps
O95477	2101	ps
O95477	2234	ps
Q8WWZ4	519	ps
Q8WWZ4	730	ps
Q8WWZ4	738	ps
Q8WWZ4	1154	ps
Q8WWZ4	1271	ps
Q8WWZ4	1279	ps
Q8WWZ4	1291	ps
Q8WWZ4	1415	ps
Q4W5N1	91	ps
Q86UK0	251	ps
Q86UK0	291	ps
Q86UK0	682	ps
Q86UK0	693	ps
Q86UK0	702	ps
Q86UK0	988	ps
Q86UK0	1010	ps
Q86UK0	1012	ps
Q86UK0	1041	ps
Q86UK0	1488	ps
Q86UK0	1497	ps
Q86UK0	2391	ps
Q86UK0	2399	ps
Q86UK0	2418	ps
Q86UQ4	406	ps
Q86UQ4	408	ps
Q86UQ4	843	ps
Q86UQ4	934	ps
Q86UQ4	1515	ps
Q86UQ4	1857	ps
Q86UQ4	2256	ps
Q86UQ4	2300	ps
Q86UQ4	2483	ps
Q86UQ4	3060	ps
Q86UQ4	3138	ps
Q86UQ4	3147	ps
Q86UQ4	3151	ps
Q86UQ4	4273	ps
Q86UQ4	4824	ps
Q9BZC7	137	ps
Q9BZC7	280	ps
Q9BZC7	283	ps
Q9BZC7	958	ps
Q9BZC7	1045	ps
Q9BZC7	1047	ps
Q9BZC7	1093	ps
Q9BZC7	1118	ps
Q9BZC7	1124	ps
Q9BZC7	1132	ps
Q9BZC7	1238	ps
Q9BZC7	1327	ps
Q9BZC7	1331	ps
Q9BZC7	1338	ps
Q9BZC7	1351	ps
Q9BZC7	1410	ps
Q9BZC7	1530	ps
Q9BZC7	1563	ps
Q9BZC7	1705	ps
Q9BZC7	2117	ps
Q9BZC7	2322	ps
Q9BZC7	2326	ps
Q9BZC7	2332	ps
Q9BZC7	2381	ps
Q9BZC7	2419	ps
Q9BZC7	2428	ps
Q9BZC7-3	55	ps
Q99758	508	ps
Q99758	866	ps
Q99758	1220	ps
Q99758	1387	ps
Q99758	1516	ps
P78363	133	ps
P78363	1185	ps
P78363	1282	ps
P78363	1317	ps
P78363	1531	ps
P78363	2057	ps
P78363	2115	ps
Q8WWZ7	134	ps
Q8WWZ7	155	ps
Q8WWZ7	192	ps
Q8WWZ7	616	ps
Q8WWZ7	624	ps
Q8WWZ7	649	ps
Q8WWZ7	687	ps
Q8WWZ7	859	ps
Q8WWZ7	1405	ps
Q8WWZ7	1407	ps
Q8WWZ7	1562	ps
Q8WWZ7	1564	ps
Q8WWZ7	1565	ps
Q8N139	153	ps
Q8N139	809	ps
Q8N139	895	ps
Q8IZY2	147	ps
Q8IZY2	182	ps
Q8IZY2	519	ps
Q8IZY2	949	ps
Q8IZY2	958	ps
Q8IZY2	2133	ps
O94911	1507	ps
O94911	1570	ps
Q8IUA7	837	ps
Q8IUA7	1333	ps
P08183	23	ps
P08183	661	ps
P08183	667	ps
P08183	671	ps
P08183	675	ps
P08183	683	ps
P08183	696	ps
P08183	1269	ps
Q9NRK6	80	ps
Q9NRK6	208	ps
O95342	2	ps
O95342	587	ps
O95342	593	ps
O95342	683	ps
O95342	686	ps
O95342	690	ps
O95342	694	ps
O95342	704	ps
O95342	1214	ps
O95342	1217	ps
P21439	121	ps
Q2M3G0	479	ps
Q2M3G0	561	ps
Q2M3G0	668	ps
Q2M3G0	672	ps
Q9NP58	456	ps
O75027	199	ps
O75027	243	ps
O75027	261	ps
O75027	265	ps
O75027	370	ps
O75027	489	ps
O75027	492	ps
O75027	660	ps
O75027	743	ps
Q9NUT2	84	ps
Q9NUT2	86	ps
Q9NUT2	102	ps
Q9NUT2	233	ps
Q9NUT2	271	ps
Q9NUT2	276	ps
Q9NUT2	314	ps
Q9NUT2	429	ps
Q9NUT2	544	ps
Q9NUT2	577	ps
Q9NP78	530	ps
P33527	279	ps
P33527	289	ps
P33527	497	ps
P33527	847	ps
P33527	871	ps
P33527	905	ps
P33527	915	ps
P33527	916	ps
P33527	917	ps
P33527	918	ps
P33527	919	ps
P33527	921	ps
P33527	925	ps
P33527	930	ps
P33527	961	ps
P33527	1145	ps
P33527	1523	ps
Q5T3U5	467	ps
Q5T3U5	663	ps
Q5T3U5	727	ps
Q96J66	423	ps
Q96J66	1179	ps
Q96J66	1219	ps
Q96J66	1261	ps
Q96J66	1368	ps
Q96J66	1379	ps
Q96J66	1380	ps
Q96J65	20	ps
Q96J65	290	ps
Q96J65	407	ps
Q96J65	895	ps
Q96J65	898	ps
Q96J65	1146	ps
Q92887	60	ps
Q92887	281	ps
Q92887	283	ps
Q92887	602	ps
Q92887	609	ps
Q92887	878	ps
Q92887	900	ps
Q92887	919	ps
Q92887	926	ps
Q92887	930	ps
Q92887	938	ps
Q92887	1153	ps
Q92887	1296	ps
Q92887	1326	ps
Q92887	1438	ps
Q92887	1501	ps
O15438	281	ps
O15438	668	ps
O15438	767	ps
O15438	884	ps
O15438	908	ps
O15438	911	ps
O15438	912	ps
O15438	1141	ps
O15438	1248	ps
O15439	182	ps
O15439	260	ps
O15439	404	ps
O15439	601	ps
O15439	629	ps
O15439	655	ps
O15439	661	ps
O15439	664	ps
O15439	668	ps
O15439	676	ps
O15440	14	ps
O15440	19	ps
O15440	60	ps
O15440	64	ps
O15440	67	ps
O15440	485	ps
O15440	501	ps
O15440	505	ps
O15440	509	ps
O15440	553	ps
O15440	558	ps
O15440	686	ps
O15440	807	ps
O15440	1268	ps
O95255	278	ps
O95255	294	ps
O95255	492	ps
O95255	681	ps
O95255	902	ps
O95255	1286	ps
O95255	1310	ps
O95255	1480	ps
Q09428	720	ps
Q09428	1324	ps
Q09428	1355	ps
Q09428	1356	ps
O60706	237	ps
O60706	1350	ps
O60706	1378	ps
P33897	58	ps
P33897	358	ps
P33897	360	ps
P33897	453	ps
P33897	733	ps
Q9UBJ2	449	ps
Q9UBJ2	462	ps
P28288	40	ps
P28288	65	ps
P28288	95	ps
P28288	360	ps
P28288	572	ps
P28288	659	ps
O14678	398	ps
O14678	399	ps
P61221	45	ps
P61221	71	ps
P61221	117	ps
P61221	218	ps
P61221	328	ps
P61221	417	ps
P61221	423	ps
P61221	547	ps
P61221	582	ps
P61221	591	ps
Q8NE71	20	ps
Q8NE71	22	ps
Q8NE71	24	ps
Q8NE71	105	ps
Q8NE71	109	ps
Q8NE71	140	ps
Q8NE71	166	ps
Q8NE71	228	ps
Q8NE71	244	ps
Q8NE71	254	ps
Q8NE71	273	ps
Q8NE71	287	ps
Q8NE71	595	ps
Q8NE71	621	ps
Q8NE71	652	ps
Q8NE71	665	ps
Q9UG63	125	ps
Q9UG63	129	ps
Q9UG63	349	ps
Q9UG63	369	ps
Q9UG63	377	ps
Q9UG63	512	ps
Q9UG63	518	ps
Q9UG63	607	ps
Q75MJ1	630	ps
Q9NUQ8	79	ps
Q9NUQ8	83	ps
Q9NUQ8	115	ps
Q9NUQ8	116	ps
Q9NUQ8	155	ps
Q9NUQ8	157	ps
Q9NUQ8	161	ps
Q9NUQ8	283	ps
Q9NUQ8	452	ps
P45844	105	ps
Q9UNQ0	50	ps
Q9UNQ0	100	ps
Q9UNQ0	103	ps
Q9UNQ0	143	ps
Q9UNQ0	187	ps
Q9UNQ0	195	ps
Q9UNQ0	353	ps
Q9H222	12	ps
Q9H222	202	ps
Q9H221	214	ps
Q9H221	315	ps
Q9H221	331	ps
Q96SE0	293	ps
Q9NUJ1	17	ps
Q9NUJ1	32	ps
Q9NUJ1	75	ps
Q9NUJ1	118	ps
Q9NUJ1	233	ps
Q8NFV4	9	ps
Q8NFV4	196	ps
Q8N2K0	195	ps
Q8N2K0	235	ps
Q8N2K0	246	ps
Q8N2K0	273	ps
Q7L211	260	ps
Q7L211	267	ps
Q96IU4	91	ps
Q6UXT9	203	ps
Q6UXT9	313	ps
Q6UXT9	434	ps
Q6UXT9	452	ps
Q96GS6	5	ps
Q96GS6	7	ps
Q96GS6	307	ps
Q0P651	284	ps
P08910	49	ps
P08910	52	ps
P08910	415	ps
Q8TB40	146	ps
Q96I13	138	ps
Q96I13	142	ps
Q96I13	144	ps
Q9H6B9	218	ps
Q8IZP0	183	ps
Q8IZP0	187	ps
Q8IZP0	216	ps
Q8IZP0	222	ps
Q8IZP0	225	ps
Q8IZP0	231	ps
Q8IZP0	240	ps
Q8IZP0	242	ps
Q8IZP0	243	ps
Q8IZP0	246	ps
Q8IZP0	248	ps
Q8IZP0	252	ps
Q8IZP0	267	ps
Q8IZP0	319	ps
Q8IZP0	323	ps
Q8IZP0	326	ps
Q8IZP0	327	ps
Q8IZP0	329	ps
Q8IZP0	330	ps
Q8IZP0	338	ps
Q8IZP0	361	ps
Q8IZP0	392	ps
Q8IZP0	410	ps
Q8IZP0	502	ps
Q8IZP0-11	108	ps
Q8IZP0-2	241	ps
Q8IZP0-2	276	ps
Q8IZP0-3	240	ps
Q8IZP0-3	242	ps
Q8IZP0-3	248	ps
Q8IZP0-3	252	ps
Q8IZP0-3	254	ps
Q8IZP0-3	255	ps
Q8IZP0-3	267	ps
Q8IZP0-3	278	ps
Q8IZP0-3	282	ps
Q9NYB9	183	ps
Q9NYB9	187	ps
Q9NYB9	196	ps
Q9NYB9	216	ps
Q9NYB9	224	ps
Q9NYB9	227	ps
Q9NYB9	233	ps
Q9NYB9	242	ps
Q9NYB9	244	ps
Q9NYB9	253	ps
Q9NYB9	368	ps
